rank,name,worldwide_box_office,movies,average
1,Steven Spielberg,10548165432,36,293004595
2,Anthony Russo,6839063507,7,977009072
3,Joe Russo,6839063507,8,854882938
4,Peter Jackson,6535735207,14,466838229
5,Michael Bay,6443668115,16,402729257
6,James Cameron,6234449998,14,445317857
7,David Yates,5973088427,8,746636053
8,Christopher Nolan,4962078794,12,413506566
9,J.J. Abrams,4650003994,6,775000666
10,Tim Burton,4413225852,19,232275045
11,Robert Zemeckis,4355573013,22,197980592
12,Jon Favreau,4323493253,9,480388139
13,Ron Howard,4300611087,33,130321548
14,Ridley Scott,4210552146,29,145191453
15,Chris Columbus,4080458074,16,255028630
16,Roland Emmerich,3956018920,15,263734595
17,Bryan Singer,3725088037,10,372508804
18,Pierre Coffin,3710909442,4,927727361
19,Gore Verbinski,3684949039,11,334995367
20,James Wan,3654804393,9,406089377
21,George Lucas,3448142176,6,574690363
22,Brad Bird,3433470811,6,572245135
23,Francis Lawrence,3350317781,9,372257531
24,Clint Eastwood,3317480436,39,85063601
25,Sam Raimi,3308337672,15,220555845
26,Chris Renaud,3189403641,5,637880728
27,Todd Phillips,3178917391,10,317891739
28,Zack Snyder,3170405984,10,317040598
29,Sam Mendes,3085270264,9,342807807
30,Carlos Saldanha,3069459365,7,438494195
31,Bill Condon,3037900949,12,253158412
32,M. Night Shyamalan,3018311899,13,232177838
33,Joss Whedon,2955847703,5,591169541
34,Andrew Stanton,2776387102,4,694096776
35,Tom McGrath,2753014755,7,393287822
36,Jennifer Lee,2715533838,2,1357766919
37,Chris Buck,2715533838,2,1357766919
38,Andrew Adamson,2593884929,6,432314155
39,Guy Ritchie,2591279798,14,185091414
40,John Lasseter,2466823153,6,411137192
41,Eric Darnell,2422562005,5,484512401
42,Barry Sonnenfeld,2415370581,12,201280882
43,Conrad Vernon,2405818911,6,400969819
44,Shawn Levy,2389717088,13,183824391
45,Justin Lin,2297085689,11,208825972
46,Steven Soderbergh,2292578496,33,69472076
47,Jon Turteltaub,2268844314,11,206258574
48,F. Gary Gray,2251163261,12,187596938
49,Kyle Balda,2192228034,3,730742678
50,Jake Kasdan,2166815982,7,309545140
51,Pete Docter,2159154742,4,539788686
52,Brett Ratner,2153851289,12,179487607
53,Martin Scorsese,2153594042,30,71786468
54,Rob Marshall,2132642973,7,304663282
55,Tony Scott,2108960491,16,131810031
56,David Fincher,2108393607,11,191672146
57,Andy Wachowski,2044315841,7,292045120
58,James Mangold,2038633162,12,169886097
59,Rich Moore,2031757309,3,677252436
60,Martin Campbell,2027120103,14,144794293
61,Jon Watts,2013911614,4,503477904
62,Rob Minkoff,2006834711,8,250854339
63,Quentin Tarantino,1971427176,11,179220652
64,Richard Donner,1958516144,18,108806452
65,Byron Howard,1919697078,3,639899026
66,Lee Unkrich,1867209592,2,933604796
67,Raja Gosnell,1860931317,10,186093132
68,Wolfgang Petersen,1825552544,11,165959322
69,Rian Johnson,1818504079,5,363700816
70,Ivan Reitman,1817837549,15,121189170
71,Dennis Dugan,1799312583,15,119954172
72,Jay Roach,1798699200,13,138361477
73,Mike Newell,1768866878,16,110554180
74,Garry Marshall,1752695519,18,97371973
75,Ron Clements,1748908649,6,291484775
76,Joe Johnston,1734395893,11,157672354
77,John Musker,1725303115,5,345060623
78,Mike Mitchell,1721816204,7,245973743
79,Peyton Reed,1699631891,7,242804556
80,Christopher McQuarrie,1693406457,5,338681291
81,Ang Lee,1692941738,14,120924410
82,James Gunn,1684684519,7,240669217
83,Colin Trevorrow,1678746190,5,335749238
84,Rob Letterman,1669773865,7,238539124
85,Joel Schumacher,1666290707,23,72447422
86,Kenneth Branagh,1663402649,19,87547508
87,Alfonso Cuarón,1654904636,8,206863080
88,David Leitch,1644791103,5,328958221
89,Dean DeBlois,1631597098,5,326319420
90,Paul W.S. Anderson,1626327623,13,125102125
91,Marc Forster,1615754441,11,146886767
92,Gareth Edwards,1589851397,3,529950466
93,Robert Rodriguez,1584836789,23,68905947
94,Peter Berg,1579933649,12,131661137
95,Tom Shadyac,1579209212,8,197401152
96,Paul Greengrass,1573271472,10,157327147
97,Marc Webb,1540215932,7,220030847
98,Stephen Sommers,1535016119,8,191877015
99,Ryan Coogler,1527611547,4,381902887
100,Peter Farrelly,1526162755,15,101744184
101,Juan Antonio Bayona,1524339141,3,508113047
102,Chris Weitz,1512129357,8,189016170
103,Doug Liman,1487010651,14,106215047
104,Kelly Asbury,1461448997,5,292289799
105,Shane Black,1451306046,5,290261209
106,Steve Martino,1429334633,4,357333658
107,Bobby Farrelly,1421368620,12,118447385
108,Chris Sanders,1421100353,4,355275088
109,Hao Ning,1416547247,5,283309449
110,Matthew Vaughn,1415073035,7,202153291
111,Rob Cohen,1409787313,14,100699094
112,Edward Zwick,1392979729,14,99498552
113,Jon M. Chu,1390271293,10,139027129
114,Matt Reeves,1377195447,5,275439089
115,Antoine Fuqua,1375735251,20,68786763
116,Genndy Tartakovsky,1374356007,3,458118669
117,Barry Levinson,1363492677,26,52442026
118,Chris Miller,1362318413,4,340579603
119,Nancy Meyers,1351688561,6,225281427
120,Kirk Wise,1333603645,5,266720729
121,John Woo,1328068454,14,94862032
122,Brad Peyton,1324749337,7,189249905
123,Woody Allen,1314909986,49,26834898
124,Louis Leterrier,1312223428,8,164027929
125,Oliver Stone,1309324231,20,65466212
126,Lana Wachowski,1305738912,7,186534130
127,Sylvester Stallone,1296362595,8,162045324
128,Joachim Ronnin,1277587632,2,638793816
129,Tim Story,1274700939,15,84980063
130,Sydney Pollack,1270147068,17,74714533
131,Luc Besson,1269225410,15,84615027
132,Jan De Bont,1266649848,6,211108308
133,Hu Guan,1249312008,4,312328002
134,John McTiernan,1243282732,11,113025703
135,George Miller,1241307400,11,112846127
136,Phil Lord,1239058700,6,206509783
137,Christopher Miller,1239058700,5,247811740
138,Phillip Noyce,1238310528,15,82554035
139,Scott Derrickson,1233938334,7,176276905
140,Jennifer Yuh Nelson,1224369800,3,408123267
141,Paul Feig,1224261085,8,153032636
142,Ruben Fleischer,1223281351,6,203880225
143,Peter Segal,1221663768,11,111060343
144,Guillermo del Toro,1210219711,15,80681314
145,Renny Harlin,1200646278,22,54574831
146,Gary Ross,1197400146,5,239480029
147,Adam Shankman,1193722633,10,119372263
148,Roger Allers,1179227388,3,393075796
149,Michael Apted,1169004822,24,48708534
150,Chen Sicheng,1164852027,5,232970405
151,Joel Coen,1161488393,18,64527133
152,Simon West,1149827452,12,95818954
153,Mel Gibson,1146056171,7,163722310
154,Ryan Fleck,1142864626,5,228572925
155,Anna Boden,1137952901,4,284488225
156,Hayao Miyazaki,1128928433,11,102629858
157,David Ayer,1106118710,10,110611871
158,Joseph McGinty Nichol,1092275899,10,109227590
159,David Silverman,1087554741,3,362518247
160,Alan Taylor,1077442821,4,269360705
161,Josh Cooley,1073357481,2,536678741
162,Paul Verhoeven,1061431497,12,88452625
163,Robert Schwentke,1059765890,8,132470736
164,Jonathan Liebesman,1054256576,4,263564144
165,Lasse Hallström,1051158504,17,61832853
166,Mike Nichols,1047451538,18,58191752
167,Michael Mann,1041941789,13,80149368
168,Brian De Palma,1036840757,24,43201698
169,Tim Miller,1035054894,2,517527447
170,Tyler Perry,1024494330,22,46567924
171,Stephen Chow,1017854320,6,169642387
172,Betty Thomas,1016552451,7,145221779
173,Tom Hooper,1015554852,5,203110970
174,Patty Jenkins,1000758542,4,250189636
175,Frank Coraci,995262143,9,110584683
176,Chris Williams,977698281,3,325899427
177,Taika Waititi,977339005,11,88849000
178,Francis Ford Coppola,965755864,22,43897994
179,Tim Johnson,962620890,5,192524178
180,John Landis,961193817,18,53399657
181,Rawson Marshall Thurber,957752029,6,159625338
182,Danny Boyle,956896213,15,63793081
183,Rob Reiner,955432124,20,47771606
184,Andy Tennant,951602213,10,95160221
185,Gary Trousdale,950205863,3,316735288
186,Adrian Lyne,948596188,10,94859619
187,Andrew Davis,935717764,11,85065251
188,Adam McKay,927693659,9,103077073
189,Wes Ball,924764559,4,231191140
190,Muye Wen,924381411,3,308127137
191,James Foley,908907790,13,69915984
192,Xu Zheng,908303948,4,227075987
193,Baz Luhrmann,908030916,7,129718702
194,Jerry Zucker,907747053,6,151291176
195,Zhang Yimou,900646298,17,52979194
196,Paul Weitz,898537670,12,74878139
197,Wes Craven,897445429,19,47233970
198,John Glen,893563646,7,127651949
199,Kevin Lima,890853958,4,222713490
200,D.J. Caruso,889255605,14,63518258
201,Mark Waters,888778214,12,74064851
202,Michael Thurmeier,879765137,1,879765137
203,Nora Ephron,877804290,7,125400613
204,Peter Weir,875761670,12,72980139
205,Alejandro Gonzalez Inarritu,873513591,6,145585599
206,Vicky Jenson,870117319,4,217529330
207,David O. Russell,870098944,10,87009894
208,Brian Levant,866581230,9,96286803
209,Guo Fan,861062430,2,430531215
210,Seth MacFarlane,860009327,3,286669776
211,Andres Muschietti,849815613,3,283271871
212,Chuck Russell,845744729,8,105718091
213,Wu Jing,835474171,1,835474171
214,John Badham,825101546,14,58935825
215,Nicholas Stoller,822847268,7,117549610
216,David F. Sandberg,817855908,6,136309318
217,David Frankel,811996231,9,90221803
218,Espen Sandberg,810083467,4,202520867
219,Len Wiseman,803270454,5,160654091
220,Darren Aronofsky,800792510,7,114398930
221,Kevin Reynolds,799985692,8,99998212
222,Tsui Hark,798394583,9,88710509
223,Robert Luketic,792420941,8,99052618
224,Frank Oz,779040361,13,59926182
225,Brenda Chapman,774510570,4,193627643
226,Brad Silberling,770469822,8,96308728
227,Tim Hill,767414672,8,95926834
228,Robert Stromberg,758536735,1,758536735
229,Cameron Crowe,757465846,9,84162872
230,Roger Donaldson,755985566,18,41999198
231,Alex Proyas,752287053,6,125381176
232,Dan Scanlon,743588329,1,743588329
233,Yang Yu,742514069,1,742514069
234,Jaume Collet-Serra,741510488,6,123585081
235,John G. Avildsen,741398623,15,49426575
236,Lee Tamahori,736483955,10,73648396
237,Mark Osborne,733939450,3,244646483
238,Joe Wright,733558165,9,81506463
239,Seth Gordon,732745505,5,146549101
240,Jonathan Mostow,730584420,7,104369203
241,Irvin Kershner,727925718,3,242641906
242,Will Gluck,726390247,7,103770035
243,Raman Hui,720979406,2,360489703
244,John Stevenson,719438182,3,239812727
245,William Friedkin,719294744,18,39960819
246,Phyllida Lloyd,719262285,3,239754095
247,Steve Carr,716323487,9,79591499
248,Joseph Kosinski,712534573,5,142506915
249,Curtis Hanson,711185778,11,64653253
250,Timur Bekmambetov,710560448,8,88820056
251,Chris Wedge,710553582,3,236851194
252,Michael Patrick King,709928036,2,354964018
253,Jonathan Demme,706658605,23,30724287
254,David Slade,706102828,2,353051414
255,David Zucker,704691359,10,70469136
256,Sean Anders,701873398,6,116978900
257,Judd Apatow,701247844,8,87655981
258,Don Hall,699828859,2,349914430
259,John Singleton,686271634,9,76252404
260,Yibai Zhang,686124617,4,171531154
261,Peter Ramsey,682232905,2,341116453
262,Denis Villeneuve,680689906,7,97241415
263,Alan J. Pakula,676146327,12,56345527
264,Keenen Ivory Wayans,673822088,6,112303681
265,Anne Fletcher,673312063,6,112218677
266,Roger Spottiswoode,672418446,13,51724496
267,Stephen Herek,661713517,14,47265251
268,Kaige Chen,656869994,7,93838571
269,Donald Petrie,650245188,13,50018861
270,John Madden,638720547,12,53226712
271,James Bobin,634631452,5,126926290
272,Taylor Hackford,632738278,15,42182552
273,Garth Jennings,632483611,1,632483611
274,Wong Jing,624504478,10,62450448
275,David Dobkin,623700070,7,89100010
276,Ben Stiller,618041759,7,88291680
277,James L. Brooks,604048330,6,100674722
278,Neill Blomkamp,603647578,3,201215859
279,Malcolm D. Lee,598609199,13,46046861
280,Walt Becker,598177643,4,149544411
281,Andy Fickman,596070111,7,85152873
282,Harold Ramis,595543058,11,54140278
283,Larry Charles,595092528,6,99182088
284,Damien Chazelle,592416473,5,118483295
285,Stephen Frears,591793321,22,26899696
286,Duncan Jones,590004396,5,118000879
287,Catherine Hardwicke,586756151,10,58675615
288,Gavin Hood,585824539,7,83689220
289,Nathan Greno,585727091,2,292863546
290,Spike Lee,585184350,30,19506145
291,Herbert Ross,583032942,17,34296055
292,Karey Kirkpatrick,579517464,3,193172488
293,Sam Taylor-Johnson,578864301,3,192954767
294,Mick Jackson,576775742,7,82396535
295,Chad Stahelski,573180056,5,114636011
296,Kirk De Micco,573068425,1,573068425
297,Rupert Sanders,568932436,4,142233109
298,Randal Kleiser,568884392,10,56888439
299,Jordan Vogt-Roberts,562434668,3,187478223
300,Jim Abrahams,560178008,8,70022251
301,Neil Burger,557398324,4,139349581
302,Harald Zwart,556019223,5,111203845
303,Mark Andrews,554763947,2,277381974
304,Peter Hyams,552813688,17,32518452
305,Norman Jewison,552136172,21,26292199
306,Robert Wise,550263575,16,34391473
307,Morten Tyldum,550168875,3,183389625
308,Nick Cassavetes,550045646,11,50004150
309,John Lee Hancock,549474389,8,68684299
310,Makoto Shinkai,549379761,4,137344940
311,Travis Knight,542743711,3,180914570
312,Peter Sohn,539083703,2,269541852
313,Guy Hamilton,537457152,10,53745715
314,Emile Ardolino,537282767,6,89547128
315,Richard Marquand,537277436,4,134319359
316,Ethan Coen,537119703,7,76731386
317,Anthony Minghella,533617311,7,76231044
318,Gabriele Muccino,533243523,10,53324352
319,Phil Johnston,529290830,1,529290830
320,Kent Seki,527965936,1,527965936
321,Wilson Yip,526411878,6,87735313
322,P.J. Hogan,521777564,6,86962927
323,Alessandro Carloni,521170825,2,260585413
324,Rupert Wyatt,519067441,4,129766860
325,Eric Toledano,515284505,3,171761502
326,Olivier Nakache,515284505,3,171761502
327,Scott Mosier,514325574,1,514325574
328,Yarrow Cheney,514325574,1,514325574
329,Amy Heckerling,514225872,9,57136208
330,Kevin Costner,513663957,3,171221319
331,Martin Brest,513585218,5,102717044
332,Baltasar Kormakur,510117890,8,63764736
333,Han Han,508961564,3,169653855
334,Jordan Peele,508630240,2,254315120
335,Roger Michell,507620826,9,56402314
336,Tarsem Singh,507334810,5,101466962
337,Mimi Leder,507012181,7,72430312
338,Steve Hickner,506207765,2,253103883
339,Jean-Jacques Annaud,505541976,10,50554198
340,Wes Anderson,498835417,10,49883542
341,Jeff Tremaine,497149836,10,49714984
342,Jason Reitman,496121722,9,55124636
343,Alexander Payne,494227827,10,49422783
344,Walter Hill,487413108,20,24370655
345,John Moore,486607662,6,81101277
346,Dominic Sena,485499998,5,97100000
347,Tate Taylor,484335279,8,60541910
348,Sharon Maguire,483725061,3,161241687
349,Mark Dindal,482928998,4,120732250
350,Gus Van Sant,478713037,17,28159590
351,Jon Amiel,474809599,8,59351200
352,Mark Steven Johnson,474487895,8,59310987
353,Xue Xiaolu,474137478,2,237068739
354,George Cukor,473646416,11,43058765
355,Nick Park,471674959,5,94334992
356,Andy Muschietti,469566806,4,117391702
357,Neil Jordan,464814406,18,25823023
358,Brian Robbins,464734306,10,46473431
359,Daniel Lee,463544285,6,77257381
360,Joseph Ruben,463461326,10,46346133
361,Penny Marshall,463390295,8,57923787
362,Robert Redford,460681656,9,51186851
363,Terry Gilliam,458914298,12,38242858
364,Darren Lynn Bousman,457051728,13,35157825
365,Les Mayfield,454924803,8,56865600
366,Tony Gilroy,454423137,3,151474379
367,Joon-ho Bong,454390955,6,75731826
368,Wolfgang Reitherman,453834257,6,75639043
369,David R. Ellis,452842101,6,75473684
370,Dean Parisot,451809289,5,90361858
371,Olivier Megaton,450102666,4,112525667
372,Joe Dante,449065098,17,26415594
373,Chirs Buck,448191819,1,448191819
374,Eric Brevig,447955627,2,223977814
375,Paul King,445994701,3,148664900
376,Michael Dougherty,445088308,3,148362769
377,David Gordon Green,443589237,16,27724327
378,George Roy Hill,442397671,12,36866473
379,Ariel Schulman,439792275,6,73298713
380,Henry Joost,439792275,6,73298713
381,Michael Gracey,437041184,1,437041184
382,Roman Polanski,436710511,19,22984764
383,Blake Edwards,436021170,27,16148932
384,Ben Affleck,435841100,5,87168220
385,Stephen Hopkins,435285893,11,39571445
386,Edgar Wright,434860791,7,62122970
387,Arthur Hiller,432875303,17,25463253
388,Bradley Cooper,432195228,2,216097614
389,Joel Zwick,428453590,4,107113398
390,Jean-Pierre Jeunet,426878001,7,60982572
391,Marc Lawrence,426607649,5,85321530
392,Clyde Geronimi,426357604,4,106589401
393,Victor Fleming,425474674,3,141824891
394,George P. Cosmatos,424545859,8,53068232
395,Adil El Arbi,424291710,3,141430570
396,Bilall Fallah,424291710,3,141430570
397,Alex Kurtzman,422571377,2,211285689
398,Jimmy Hayward,420887654,3,140295885
399,Andrew Lau,417869080,4,104467270
400,Brian Helgeland,413704605,5,82740921
401,Frank Darabont,413614222,4,103403556
402,David Soren,413319527,2,206659764
403,Steve Oedekerk,412611461,4,103152865
404,Sam Wood,408325192,2,204162596
405,David Bowers,407527835,7,58218262
406,Lawrence Kasdan,406557072,12,33879756
407,Mikael Hafstrom,405268356,7,57895479
408,Thor Freudenthal,403200144,4,100800036
409,Michael Lembeck,402585401,6,67097567
410,Mike Thurmeier,402156682,2,201078341
411,Ken Kwapis,401624979,10,40162498
412,Peter Chelsom,401280189,10,40128019
413,Bibo Bergeron,398741504,2,199370752
414,Simon Wells,397949526,7,56849932
415,Leonard Nimoy,396622967,5,79324593
416,Gilbert Lewis,395700000,3,131900000
417,Eli Roth,395680020,10,39568002
418,Roger Kumble,395539167,7,56505595
419,Stanley Kubrick,395036987,12,32919749
420,Ol Parker,395021097,3,131673699
421,Patrick Hughes,393234102,5,78646820
422,Mel Brooks,393153971,10,39315397
423,Elizabeth Banks,391970218,6,65328370
424,Pedro Almodovar,389733145,20,19486657
425,Stephen Daldry,383865170,8,47983146
426,Brian Fee,383541369,1,383541369
427,John Hamburg,382772068,4,95693017
428,Sidney Lumet,381428539,28,13622448
429,Jill Culton,379828158,2,189914079
430,Bruce Beresford,379597822,27,14059179
431,George Clooney,379485128,8,47435641
432,Albert Hughes,379227500,7,54175357
433,Kathryn Bigelow,378880503,9,42097834
434,Sam Fell,377959105,4,94489776
435,Xiaogang Feng,376634747,4,94158687
436,John Pasquin,376239359,4,94059840
437,Bob Persichetti,375332003,1,375332003
438,Rodney Rothman,375332003,1,375332003
439,Herman Yau,373664162,12,31138680
440,Takashi Yamazaki,371682856,12,30973571
441,Don Bluth,369412107,10,36941211
442,Michel Gondry,368558729,12,30713227
443,Tom Dey,368437431,4,92109358
444,Simon J. Smith,366942531,1,366942531
445,Steve Miner,366898368,14,26207026
446,Corin Hardy,365474388,2,182737194
447,Ralph Zondag,365463639,2,182731820
448,Peter Lord,363937520,2,181968760
449,John Requa,363572802,6,60595467
450,Glenn Ficarra,363572802,6,60595467
451,Frank Marshall,362188424,5,72437685
452,Pierre Morel,362075641,6,60345940
453,Stanley Tong,361562006,6,60260334
454,Jon Lucas,360993044,5,72198609
455,Scott Moore,360993044,5,72198609
456,Tom Tykwer,360284734,10,36028473
457,Eric Leighton,356148063,1,356148063
458,Penelope Spheeris,356086482,11,32371498
459,Stephen Gaghan,355868494,4,88967124
460,James Wong,355752507,4,88938127
461,Michael Moore,354058852,11,32187168
462,Lawrence Guterman,353157863,2,176578932
463,Clay Kaytis,352327887,2,176163944
464,Fergal Reilly,352327887,1,352327887
465,Josh Boone,351901690,3,117300563
466,Hal Needham,350465707,10,35046571
467,Hugh Wilson,347622020,8,43452753
468,Alan Parker,347603172,14,24828798
469,Stephen Chbosky,345824518,4,86456130
470,Warren Beatty,344613557,5,68922711
471,Michael Caton-Jones,343754911,12,28646243
472,Noam Murro,342435670,2,171217835
473,Greg Tiernan,341956282,4,85489071
474,Michael Ritchie,339966005,16,21247875
475,John Krasinski,336378478,5,67275696
476,Peter Hewitt,336023821,8,42002978
477,Richard Curtis,335377612,3,111792537
478,Jonathan Frakes,334820272,4,83705068
479,Chao Deng,333329075,3,111109692
480,Baimei Yu,333329075,3,111109692
481,Randall Wallace,332918977,4,83229744
482,Peter Faiman,332474528,2,166237264
483,Jon Avnet,332248813,8,41531102
484,Rob Bowman,331011050,4,82752763
485,Alexandre Aja,328440072,9,36493341
486,Adam Robitel,328399092,4,82099773
487,Daniel Espinosa,327688452,6,54614742
488,Olivier Magaton,327656424,1,327656424
489,Joe Carnahan,327597047,10,32759705
490,Gary Winick,327346184,6,54557697
491,Howard Deutch,326558383,11,29687126
492,Richard Linklater,324120994,21,15434333
493,Allen Hughes,323807732,8,40475967
494,Wayne Wang,323421384,17,19024787
495,Steven Brill,322807084,7,46115298
496,Jonathan Levine,322461564,6,53743594
497,John Hughes,322270786,8,40283848
498,James DeMonaco,321316189,5,64263238
499,Steven Quale,319727892,5,63945578
500,Greg Mottola,319570985,7,45652998
501,Robert Altman,317588669,21,15123270
502,Jose Padilha,316917988,4,79229497
503,Miloš Forman,315587563,8,39448445
504,Ron Shelton,315251774,9,35027975
505,Andrew Niccol,314168662,7,44881237
506,Christopher Landon,311042296,6,51840383
507,Paul Tibbitt,311013181,1,311013181
508,Chris McKay,310570560,4,77642640
509,Stephen Norrington,310502892,2,155251446
510,Phil Alden Robinson,310490792,5,62098158
511,Kirk Jones,309315152,3,103105051
512,Nitesh Tiwari,309186887,4,77296722
513,Breck Eisner,308909836,3,102969945
514,Jackie Chan,307760223,6,51293371
515,Tian Yusheng,307547824,1,307547824
516,Paul Thomas Anderson,307048823,9,34116536
517,John Carpenter,306440479,20,15322024
518,George Tillman Jr,305973896,8,38246737
519,Haruo Sotozaki,305471494,2,152735747
520,Jeff Fowler,304989872,2,152494936
521,Tony Chan,304345923,5,60869185
522,Richard Attenborough,303289110,10,30328911
523,David Green,302803370,5,60560674
524,Dante Lam,302610428,6,50435071
525,Charles Shyer,302578210,7,43225459
526,Gary Fleder,302367519,7,43195360
527,Beeban Kidron,300644202,4,75161051
528,Andrzej Bartkowiak,298879572,7,42697082
529,Kenny Ortega,296797115,7,42399588
530,Greta Gerwig,296576215,2,148288108
531,Simon Wincer,296435626,10,29643563
532,Joe Roth,295003018,5,59000604
533,Jason Friedberg,294985243,8,36873155
534,Fede Álvarez,292998974,4,73249744
535,Hoyt H. Yeatman,292817841,1,292817841
536,Josh Trank,292281945,3,97427315
537,Cheang Pou-Soi,291628574,3,97209525
538,Luke Greenfield,291428419,5,58285684
539,Carl Reiner,291264710,11,26478610
540,Steven S. DeKnight,290930148,1,290930148
541,S.S. Rajamouli,290239579,2,145119790
542,David Lean,288904665,8,36113083
543,Jesse Dylan,288196929,3,96065643
544,Theodore Melfi,286608950,4,71652238
545,Florian Henckel von Donnersmarck,283910545,2,141955273
546,Soi Cheang,282929944,3,94309981
547,Chris Noonan,281991257,2,140995629
548,Richard Benjamin,280990191,11,25544563
549,John R. Leonetti,280344647,4,70086162
550,Peter Cattaneo,279068596,4,69767149
551,David Twohy,278563481,5,55712696
552,Richard LaGravenese,278005964,7,39715138
553,Steve Rodney McQueen,277381169,4,69345292
554,Scott Waugh,277308153,3,92436051
555,Alejandro Amenábar,276422641,5,55284528
556,Leigh Whannell,276279388,4,69069847
557,James McTeigue,276214518,5,55242904
558,Roar Uthaug,276125838,3,92041946
559,John Guillermin,274963148,10,27496315
560,Cody Cameron,274392649,1,274392649
561,Kris Pearn,274392649,2,137196325
562,Greg MacGillivray,272232011,9,30248001
563,Mathieu Kassovitz,271855591,4,67963898
564,Charles Martin Smith,269359454,8,33669932
565,Boaz Yakin,268169134,8,33521142
566,Harold Becker,265167718,9,29463080
567,Kevin Smith,264699565,16,16543723
568,Wilfred Jackson,263609844,3,87869948
569,Trish Sie,263540796,3,87846932
570,Peter Chan,263525617,4,65881404
571,Yuen Woo Ping,261971463,5,52394293
572,Steve Barron,261771020,7,37395860
573,Roberto Benigni,261637240,4,65409310
574,Mel Smith,261432522,4,65358131
575,Jay Russell,260902537,5,52180507
576,Josh Gordon,260692422,3,86897474
577,Will Speck,260692422,3,86897474
578,Howard Zieff,257338596,7,36762657
579,John Huston,256280655,18,14237814
580,Camille Delamarre,256050676,3,85350225
581,Joe Pytka,255151472,2,127575736
582,Gil Kenan,254811997,4,63702999
583,Justin Kurzel,254615087,5,50923017
584,Wuershan,250549119,2,125274560
585,Peter Howitt,250484531,4,62621133
586,Lee Daniels,249776009,5,49955202
587,Eduardo Sanchez,248375131,6,41395855
588,Daniel Myrick,248300000,2,124150000
589,Anthony Leondis,247578189,2,123789095
590,Iain Softley,247489350,8,30936169
591,Bora Dagtekin,247389655,3,82463218
592,Sofia Coppola,247028603,7,35289800
593,Simon Kinberg,246356895,2,123178448
594,Scott Hicks,246334284,7,35190612
595,Dexter Fletcher,246087562,5,49217512
596,Li Wei,245759167,3,81919722
597,Ben Falcone,244319773,5,48863955
598,Teng Cheng,243870163,1,243870163
599,Tommy Wirkola,243133285,8,30391661
600,Da Peng,238564588,2,119282294
601,Ronny Yu,238351138,4,59587785
602,Tom Vaughan,238350483,5,47670097
603,Frank Miller,238184948,3,79394983
604,Klay Hall,238059569,1,238059569
605,Hamilton Luske,237601581,3,79200527
606,Russell Mulcahy,237337364,12,19778114
607,Hayden Schlossberg,236799211,1,236799211
608,Jon Hurwitz,236799211,1,236799211
609,David Cronenberg,235792940,19,12410155
610,James Gray,235174339,9,26130482
611,Steve Bendelack,234981342,1,234981342
612,Ric Roman Waugh,234391555,6,39065259
613,David S. Goyer,233103892,4,58275973
614,Jeannot Szwarc,232906411,6,38817735
615,Michael Lehmann,230411908,9,25601323
616,Derek Tsang,230067604,1,230067604
617,Martin McDonagh,229049561,3,76349854
618,Gary Dauberman,228517113,2,114258557
619,Gavin O’Connor,227775088,7,32539298
620,Robert Benton,227025100,7,32432157
621,Dean Devlin,225577647,2,112788824
622,Alfred Hitchcock,223598909,31,7212868
623,Oliver Parker,222817933,6,37136322
624,Jason Moore,222075007,3,74025002
625,Han Yan,221385662,3,73795221
626,Hideo Nakata,221293586,13,17022584
627,John Frankenheimer,220705100,20,11035255
628,Stephen Anderson,220698326,2,110349163
629,Andrew Bergman,220546898,6,36757816
630,Gary Shore,220293115,2,110146558
631,Ted Kotcheff,220127096,10,22012710
632,Jonathan Goldstein,219684584,3,73228195
633,John Francis Daley,219684584,3,73228195
634,Philip Kaufman,217829667,10,21782967
635,Danny DeVito,217014915,6,36169153
636,Babak Najafi,216903624,4,54225906
637,Gary Rydstrom,214981252,3,71660417
638,Da-Mo Peng,213949747,1,213949747
639,Fei Yan,213949747,1,213949747
640,Steven Caple Jr,213635278,2,106817639
641,David Lam,212135345,5,42427069
642,Lu Yang,212093400,2,106046700
643,Spike Jonze,212081794,5,42416359
644,Jeff Wadlow,211910019,6,35318337
645,Kevin Greutert,211680368,6,35280061
646,David Koepp,210525719,7,30075103
647,Michael Sucsy,210444191,3,70148064
648,Aaron Seltzer,209839078,7,29977011
649,Peter Yates,209721612,15,13981441
650,Rene Liu,209221328,1,209221328
651,Ben Stassen,208668079,7,29809726
652,Thea Sharrock,208265198,2,104132599
653,George A. Romero,207303458,16,12956466
654,Clark Johnson,207231259,3,69077086
655,Michael Spierig,207015925,4,51753981
656,Peter Spierig,207015925,4,51753981
657,Philippe de Chauveron,206927114,4,51731779
658,Rob Zombie,206741088,9,22971232
659,Ryan Murphy,206598789,3,68866263
660,Jim Sheridan,205830534,9,22870059
661,Dwight H. Little,205555302,11,18686846
662,Brad Lewis,205312666,1,205312666
663,Kabir Khan,205253144,5,41050629
664,Burr Steers,204591290,3,68197097
665,David McNally,204475056,2,102237528
666,Toni Myers,203054511,3,67684837
667,Mike Flanagan,202749833,7,28964262
668,Kevin MacDonald,202691867,11,18426533
669,Cathy Yan,201926139,3,67308713
670,Rajkumar Hirani,200659909,3,66886636
671,Ava Duvernay,200415830,5,40083166
672,John Schlesinger,200176949,15,13345130
673,Kobun Shizuno,199497523,8,24937190
674,Sam Quah,199276793,1,199276793
675,Xiao Lu Xue,199085416,2,99542708
676,Scott Cooper,198665834,6,33110972
677,Huang Bo,198330770,1,198330770
678,Terrence Malick,198241986,10,19824199
679,Steve Box,197593152,1,197593152
680,Shekhar Kapur,197028961,7,28146994
681,Kim Yong-hwa,196933524,2,98466762
682,Michael Engler,196121143,2,98060572
683,Scott Speer,195398201,7,27914029
684,Hiromasa Yonebayashi,195300626,3,65100209
685,Paul Haggis,195007414,5,39001483
686,Oren Peli,194190590,2,97095295
687,Tatsuya Nagamine,193316986,2,96658493
688,Jay Chandrasekhar,192595741,6,32099290
689,Pete Travis,192418433,4,48104608
690,Guo Jingming,192285806,4,48071452
691,Ted Demme,191320280,7,27331469
692,Takaski Shimizu,191193140,2,95596570
693,Alex Kendrick,190992232,5,38198446
694,John Erick Dowdle,189947470,6,31657912
695,William Brent Bell,189322756,5,37864551
696,Jazz Boon,188060456,3,62686819
697,Han-Min Kim,186211608,2,93105804
698,Felix Chong,186027770,1,186027770
699,Victor Salva,185757450,5,37151490
700,Ericson Core,185205718,3,61735239
701,David Hand,184925486,1,184925486
702,Nimrod Antal,184578523,5,36915705
703,Choi Dong-hoon,183894831,2,91947416
704,Paul Mazursky,183464162,10,18346416
705,Doug Sweetland,183353431,1,183353431
706,Neil LaBute,182721616,10,18272162
707,Alastair Fothergill,182435174,9,20270575
708,Tobe Hooper,181673538,9,20185949
709,Bennett Miller,180527972,3,60175991
710,Dennis Gansel,180507812,6,30084635
711,Stuart Baird,179912795,2,89956398
712,Scott Stewart,179557103,4,44889276
713,Miguel Arteta,179368217,8,22421027
714,William Wyler,179067177,11,16278834
715,Tod Williams,178531507,2,89265754
716,Ron Underwood,177745346,4,44436337
717,Patrick Lussier,176878962,5,35375792
718,Jared Hess,176421105,7,25203015
719,Jiang Wen,176258656,4,44064664
720,Dean Israelite,175440989,4,43860247
721,Sam Weisman,174463257,1,174463257
722,Marco Brambilla,173407200,2,86703600
723,Forest Whitaker,173296032,3,57765344
724,Colin Higgins,173001784,2,86500892
725,Jonathan Lynn,172772984,5,34554597
726,Peter Billingsley,172539969,2,86269985
727,Brad Furman,172059545,4,43014886
728,Greg Berlanti,171408470,3,57136157
729,Brett Leonard,171332425,7,24476061
730,Mark Linfield,170767670,5,34153534
731,John Boorman,170328519,13,13102194
732,Lorene Scafaria,167766614,3,55922205
733,Angelina Jolie,167764763,5,33552953
734,Steve Pink,167555057,6,27925843
735,XiaoPeng Tian,166968128,1,166968128
736,Peter Bogdanovich,166581940,12,13881828
737,Ryuichi Yagi,166235160,2,83117580
738,Rohit Shetty,166185253,7,23740750
739,John Whitesell,166148574,6,27691429
740,Niki Caro,165652565,6,27608761
741,Nick Bruno,165227447,1,165227447
742,Troy Quane,165227447,1,165227447
743,Cedric Nicolas-Troyan,165149302,2,82574651
744,Carl Franklin,165111774,7,23587396
745,Barbet Schroeder,162575915,11,14779629
746,Paul McGuigan,162213368,8,20276671
747,Franco Zeffirelli,162076692,12,13506391
748,Kim Jee-woon,161947017,5,32389403
749,Garth Davis,161281047,2,80640524
750,Mans Marlind,161123188,3,53707729
751,Björn Stein,161088683,2,80544342
752,Gregory Hoblit,160961386,3,53653795
753,Michel Hazanavicius,160844922,6,26807487
754,Yu Shan Chen,160687692,3,53562564
755,Fred Schepisi,160463570,13,12343352
756,Richard Loncraine,160402385,8,20050298
757,David Kerr,159378778,2,79689389
758,David Lowery,158569439,6,26428240
759,Sylvain White,157336836,4,39334209
760,Griffin Dunne,157080746,6,26180124
761,Rupert Wainwright,157064028,3,52354676
762,Marcus Nispel,156516162,3,52172054
763,Bobs Gannaway,156399644,1,156399644
764,Luis Llosa,155993560,2,77996780
765,Stan Dragoti,155666897,5,31133379
766,Barbra Streisand,155067309,3,51689103
767,Ali Abbas Zafar,154764535,4,38691134
768,Etan Cohen,153638058,2,76819029
769,Zhang Hongwei,153018738,1,153018738
770,John A. Davis,152603434,2,76301717
771,Nick Castle,152276625,3,50758875
772,Seung-wan Ryoo,152129489,4,38032372
773,Thurop Van Orman,152012772,1,152012772
774,Carl Rinsch,151716815,1,151716815
775,Jean-Marc Vallee,151639860,5,30327972
776,Gavin Lin,151056221,1,151056221
777,Richard Fleischer,150941788,14,10781556
778,James Ivory,150471088,18,8359505
779,Sheng Ding,149325799,6,24887633
780,Neveldine & Taylor,149217355,1,149217355
781,Sarah Smith,148947564,1,148947564
782,Johannes Roberts,146361966,7,20908852
783,Angela Robinson,146115900,3,48705300
784,Andrew Fleming,145930506,9,16214501
785,James Marsh,144940989,9,16104554
786,Xie Dikui,144830000,2,72415000
787,Laurent Tirard,143168328,5,28633666
788,Fernando Meirelles,142833368,6,23805561
789,Craig Gillespie,142268082,5,28453616
790,Jack Lee Thompson,142267600,14,10161971
791,Dany Boon,142133507,3,47377836
792,Stephen Hillenburg,142051255,1,142051255
793,Danny Cannon,141098785,2,70549393
794,Neil Marshall,141061569,7,20151653
795,Jodie Foster,140575153,4,35143788
796,Tommy Chong,139663872,6,23277312
797,Seth Rogen,138881749,2,69440875
798,Evan Goldberg,138881749,2,69440875
799,Peter Webber,138742337,5,27748467
800,Gurinder Chadha,138408687,7,19772670
801,Todd Michael Amateau,137984788,1,137984788
802,Gabor Csupo,137984788,1,137984788
803,Lok Man Leung,137878915,2,68939458
804,Martha Coolidge,137857745,11,12532522
805,James Watkins,137787872,2,68893936
806,Alec Su,137173153,2,68586577
807,Gerard McMurray,137054597,2,68527299
808,Steve Beck,136817844,2,68408922
809,Jessie Nelson,136805831,2,68402916
810,Thomas McCarthy,136578060,5,27315612
811,Danny Leiner,136007966,3,45335989
812,Walter Salles,135999633,7,19428519
813,Howard Hall,135075560,2,67537780
814,John Milius,134846657,7,19263808
815,George Nolfi,134151815,3,44717272
816,Bo Welch,133818283,1,133818283
817,Bob Rafelson,133732502,8,16716563
818,Su Lun,133650584,1,133650584
819,Peter Hedges,133535155,3,44511718
820,Chris Butler,133508843,2,66754422
821,Peter Lepeniotis,133454417,3,44484806
822,Dan Mazer,133406980,4,33351745
823,Dan Scanlan,133328444,1,133328444
824,Nima Nourizadeh,133323216,2,66661608
825,Hirokazu Kore-eda,133217075,8,16652134
826,Jason Kwan,132553963,2,66276982
827,Andrew Erwin,132475312,7,18925045
828,Jon Erwin,132475312,7,18925045
829,Nikolaj Arcel,132444804,2,66222402
830,Sang-ho Yeon,131800279,3,43933426
831,Cal Brunker,131594999,3,43865000
832,Simon Curtis,131123668,4,32780917
833,Fedor Bondarchuk,130334850,5,26066970
834,Bob Clark,130132693,6,21688782
835,Seong-hoon Kim,128927558,3,42975853
836,Colin Strause,128884494,1,128884494
837,Greg Strause,128884494,1,128884494
838,Julie Anne Robinson,128876169,2,64438085
839,Advait Chandan,128719011,1,128719011
840,Bille Woodruff,128679405,7,18382772
841,Ari Aster,128106919,2,64053460
842,David Breashears,128053530,2,64026765
843,Stephen Judson,127990128,1,127990128
844,Jonathan Dayton,127869790,3,42623263
845,Valerie Faris,127869790,3,42623263
846,Ronald Neame,126700030,9,14077781
847,Lewis Teague,126272538,5,25254508
848,Henry Selick,126037057,2,63018529
849,Hugh Hudson,125438110,7,17919730
850,Alexander Witt,125168734,1,125168734
851,Tomas Alfredson,124617490,2,62308745
852,Bill Duke,124284878,8,15535610
853,Yuichi Fukuda,124178859,6,20696477
854,Qiansen Ouyang,124169976,1,124169976
855,Chuan Lu,124157743,2,62078872
856,Martin Ritt,123729369,11,11248124
857,Neil Nightingale,123705128,2,61852564
858,John Polson,123696741,1,123696741
859,Greg Jacobs,123580421,2,61790211
860,Zach Braff,123432591,3,41144197
861,Barry Cook,123368842,1,123368842
862,Miao Yue,123195686,4,30798922
863,Woo-seok Yang,122798958,3,40932986
864,Paul Fisher,122737201,1,122737201
865,Bob Logan,122737201,1,122737201
866,Charlie Bean,122737201,2,61368601
867,Kazuaki Imai,121737928,2,60868964
868,Michael Chaves,121661395,2,60830698
869,Mira Nair,120715511,10,12071551
870,Jeremiah Chechik,120386771,5,24077354
871,Yorgos Lanthimos,120222243,5,24044449
872,Robert Stevenson,120167259,4,30041815
873,David Carson,120000000,2,60000000
874,David Lynch,119651484,10,11965148
875,Arthur Penn,119334299,7,17047757
876,David Wain,119035642,5,23807128
877,Fangfang Li,119035160,1,119035160
878,Emilio Martinez Lazaro,118865521,4,29716380
879,John Luessenhop,118702763,4,29675691
880,Wong Kar-wai,118550219,11,10777293
881,Wu'ershan,118528842,1,118528842
882,Billy Wilder,118272901,17,6957229
883,Rao Xiaozhi,118128641,1,118128641
884,Lei Zhilong,118128641,1,118128641
885,Denzel Washington,117911760,4,29477940
886,Tomoka Nagaoka,117888768,1,117888768
887,Goro Miyazaki,117792470,3,39264157
888,Samuel Bayer,117729621,1,117729621
889,Robert De Niro,117148354,2,58574177
890,Kevin Munroe,116555382,3,38851794
891,Byeong-Hun Lee,116127561,1,116127561
892,Todd Haynes,115537514,8,14442189
893,John Schultz,115272726,8,14409091
894,Dylan Brown,115115984,1,115115984
895,Joel Crawford,114955280,2,57477640
896,Alejandro Agresti,114842521,3,38280840
897,Seok-hoon Lee,114590392,2,57295196
898,Kimberly Peirce,114379555,4,28594889
899,Mike Figgis,113858556,13,8758350
900,Sidney Poitier,113774800,3,37924933
901,Leon Ding,113406488,2,56703244
902,J. Blakeson,112941537,4,28235384
903,Thomas Carter,112436505,3,37478835
904,Lin Yan,112370000,1,112370000
905,Min-ho Woo,112102009,3,37367336
906,Bernardo Bertolucci,112024128,10,11202413
907,Anton Corbijn,112012776,5,22402555
908,Anthony Stacchi,111898741,1,111898741
909,Graham Annable,111898741,1,111898741
910,Kevin Kolsch,111871070,3,37290357
911,Dennis Widmyer,111819678,2,55909839
912,Mark Pellington,111550048,6,18591675
913,Michael Cimino,111426053,8,13928257
914,Dennie Gordon,111331053,4,27832763
915,Gene Stupnitsky,111173598,1,111173598
916,Paul Weiland,110885203,4,27721301
917,Wang Baoqiang,110203801,1,110203801
918,Andrew Douglas,109175673,2,54587837
919,Oxide Pang Chun,109120819,7,15588688
920,Alister Grierson,108987858,3,36329286
921,Sergey Bodrov,108874967,1,108874967
922,Joon-ik Lee,108869130,4,27217283
923,Mike Leigh,108558200,13,8350631
924,Christophe Gans,108313019,4,27078255
925,Dan Trachtenberg,108286422,1,108286422
926,Yuzuru Tachikawa,107918046,1,107918046
927,Danny Pang,107480445,10,10748045
928,Andre Ovredal,107467118,6,17911186
929,Luis Mandoki,107190770,5,21438154
930,Sam Peckinpah,106877664,11,9716151
931,Jang Hun,106673173,2,53336587
932,Patricia Riggen,106666759,3,35555586
933,Lorna Cook,106515310,1,106515310
934,Susanna White,106445340,3,35481780
935,Stuart Rosenberg,106254229,6,17709038
936,Christian Ditter,106150300,2,53075150
937,Charles Stone III,106106451,6,17684409
938,Paul Michael Glaser,105782594,5,21156519
939,Lone Scherfig,105306098,5,21061220
940,Don Siegel,105205041,13,8092695
941,Sunny Luk,104529486,1,104529486
942,Kevin Donovan,104429625,1,104429625
943,David E. Talbert,104189940,5,20837988
944,Tianyu Zhao,104065832,2,52032916
945,John Carney,103792467,3,34597489
946,Derek Kwok,103651195,1,103651195
947,Trey Parker,103613701,3,34537900
948,Kevin Rodney Sullivan,103515356,3,34505119
949,Richard Lester,103393451,8,12924181
950,Stiles White,103300632,1,103300632
951,Wally Pfister,103039258,1,103039258
952,Gene Saks,102368900,5,20473780
953,Mark Levin,101857425,1,101857425
954,Jennifer Flackett,101857425,1,101857425
955,Richard Starzak,101850986,1,101850986
956,Mark Burton,101850986,1,101850986
957,Brad Anderson,101737599,11,9248873
958,Wai Man Yip,101381397,4,25345349
959,Francois Ozon,101270547,11,9206413
960,King Vidor,100887540,10,10088754
961,Sidney J. Furie,100825679,11,9165971
962,George Seaton,100489150,1,100489150
963,Eugenio Derbez,100486616,1,100486616
964,Paul Schrader,100209958,15,6680664
965,Zhao Wei,100030000,1,100030000
966,Drew Goddard,99889367,2,49944684
967,Youn Jk,99684837,1,99684837
968,Larry Yang,99637179,2,49818590
969,Steven E. de Souza,99423000,1,99423000
970,Roland Joffe,99263658,12,8271972
971,Steve Williams,99010667,1,99010667
972,David Kellogg,98419385,2,49209693
973,Kevin Tancharoen,97690017,2,48845009
974,Jorge R. Gutierrez,97651543,1,97651543
975,Craig Brewer,97532770,5,19506554
976,Chris Addison,97409779,2,48704890
977,John Ford,97209803,14,6943557
978,Stuart Hazeldine,96908458,2,48454229
979,Eric Warin,96890794,1,96890794
980,Eric Summer,96890794,2,48445397
981,Hal Ashby,96883158,9,10764795
982,Mark Robson,96811111,4,24202778
983,Takashi Miike,96797438,21,4609402
984,Ding Liang,96755799,1,96755799
985,Will Finn,96590394,2,48295197
986,Andrei Konchalovsky,96479187,5,19295837
987,Harold Cronk,96393509,6,16065585
988,Ryuichi Hiroki,96363629,6,16060605
989,Gregory Plotkin,96255036,2,48127518
990,Tom Hanks,96006551,2,48003276
991,Eddie Murphy,95857262,1,95857262
992,Fred Zinnemann,95828122,9,10647569
993,Stanley Donen,94665789,11,8605981
994,Chang-min Choo,94603409,2,47301705
995,Kay Cannon,94523781,3,31507927
996,Park Chan-wook,94017407,8,11752176
997,Bronwen Hughes,93957800,2,46978900
998,Bob Fosse,93623112,4,23405778
999,Mike Binder,93561782,8,11695223
1000,Lee Hwan-kyung,93120047,3,31040016
